{"cameraMode":{"drawMode":0,"name":"Shaded","section":"Shading Mode"},"sceneLighting":true,"audioPlay":false,"sceneViewState":{"showFog":true,"showMaterialUpdate":true,"showSkybox":true,"showFlares":true,"showImageEffects":true,"showParticleSystems":true},"in2DMode":false,"pivot":{"x":796.4132690429688,"y":-864.2507934570313,"z":2465.431884765625},"rotation":{"x":-0.32119762897491457,"y":-0.041437648236751559,"z":0.014068065211176873,"w":-0.9460310339927673},"size":1569.783935546875,"orthographic":false}