{"cameraMode":{"drawMode":0,"name":"Shaded","section":"Shading Mode"},"sceneLighting":true,"audioPlay":false,"sceneViewState":{"showFog":true,"showMaterialUpdate":true,"showSkybox":true,"showFlares":true,"showImageEffects":true,"showParticleSystems":true},"in2DMode":false,"pivot":{"x":770.8706665039063,"y":961.501953125,"z":-173.716796875},"rotation":{"x":-0.04549747705459595,"y":-0.9130614995956421,"z":0.10621689260005951,"w":-0.3911132514476776},"size":139.75430297851563,"orthographic":false}