{"cameraMode":{"drawMode":0,"name":"Shaded","section":"Shading Mode"},"sceneLighting":true,"audioPlay":false,"sceneViewState":{"showFog":true,"showMaterialUpdate":true,"showSkybox":true,"showFlares":true,"showImageEffects":true,"showParticleSystems":true},"in2DMode":false,"pivot":{"x":594.1688232421875,"y":1014.1568603515625,"z":5.055724143981934},"rotation":{"x":-0.45640549063682558,"y":-0.12129497528076172,"z":0.06296119838953018,"w":-0.8792250156402588},"size":8.66025447845459,"orthographic":false}