{"cameraMode":{"drawMode":0,"name":"Shaded","section":"Shading Mode"},"sceneLighting":true,"audioPlay":false,"sceneViewState":{"showFog":true,"showMaterialUpdate":true,"showSkybox":true,"showFlares":true,"showImageEffects":true,"showParticleSystems":true},"in2DMode":false,"pivot":{"x":602.3235473632813,"y":1031.903076171875,"z":5.333682060241699},"rotation":{"x":0.3691881597042084,"y":-0.3943791091442108,"z":0.17697405815124513,"w":0.8227108120918274},"size":0.8660253882408142,"orthographic":false}