{"cameraMode":{"drawMode":0,"name":"Shaded","section":"Shading Mode"},"sceneLighting":true,"audioPlay":false,"sceneViewState":{"showFog":true,"showMaterialUpdate":true,"showSkybox":true,"showFlares":true,"showImageEffects":true,"showParticleSystems":true},"in2DMode":false,"pivot":{"x":992.940185546875,"y":688.2940063476563,"z":936.65234375},"rotation":{"x":-0.15396222472190858,"y":-0.19804155826568604,"z":0.03151402994990349,"w":-0.9675087332725525},"size":548.1910400390625,"orthographic":false}