{"cameraMode":{"drawMode":0,"name":"Shaded","section":"Shading Mode"},"sceneLighting":true,"audioPlay":false,"sceneViewState":{"showFog":true,"showMaterialUpdate":true,"showSkybox":true,"showFlares":true,"showImageEffects":true,"showParticleSystems":true},"in2DMode":false,"pivot":{"x":821.3746337890625,"y":71.066650390625,"z":2982.39990234375},"rotation":{"x":-0.15703022480010987,"y":-0.0402589775621891,"z":0.006389713380485773,"w":-0.9867876768112183},"size":1569.783935546875,"orthographic":false}