{"cameraMode":{"drawMode":0,"name":"Shaded","section":"Shading Mode"},"sceneLighting":true,"audioPlay":false,"sceneViewState":{"showFog":true,"showMaterialUpdate":true,"showSkybox":true,"showFlares":true,"showImageEffects":true,"showParticleSystems":true},"in2DMode":false,"pivot":{"x":764.15576171875,"y":410.78179931640627,"z":860.7515258789063},"rotation":{"x":-0.295764684677124,"y":-0.09522885829210282,"z":0.02964535728096962,"w":-0.9500346779823303},"size":542.2433471679688,"orthographic":false}