{"cameraMode":{"drawMode":0,"name":"Shaded","section":"Shading Mode"},"sceneLighting":true,"audioPlay":false,"sceneViewState":{"showFog":true,"showMaterialUpdate":true,"showSkybox":true,"showFlares":true,"showImageEffects":true,"showParticleSystems":true},"in2DMode":false,"pivot":{"x":853.0074462890625,"y":529.6222534179688,"z":932.6541748046875},"rotation":{"x":-0.2299339771270752,"y":-0.1346731036901474,"z":0.03214453160762787,"w":-0.9633013606071472},"size":552.9188232421875,"orthographic":false}