{"cameraMode":{"drawMode":0,"name":"Shaded","section":"Shading Mode"},"sceneLighting":true,"audioPlay":false,"sceneViewState":{"showFog":true,"showMaterialUpdate":true,"showSkybox":true,"showFlares":true,"showImageEffects":true,"showParticleSystems":true},"in2DMode":false,"pivot":{"x":548.0910034179688,"y":1011.6914672851563,"z":22.24237060546875},"rotation":{"x":-0.33030569553375246,"y":-0.5755612850189209,"z":0.272943913936615,"w":-0.6965305805206299},"size":24.97366714477539,"orthographic":false}