{"cameraMode":{"drawMode":0,"name":"Shaded","section":"Shading Mode"},"sceneLighting":true,"audioPlay":false,"sceneViewState":{"showFog":true,"showMaterialUpdate":true,"showSkybox":true,"showFlares":true,"showImageEffects":true,"showParticleSystems":true},"in2DMode":false,"pivot":{"x":592.8399658203125,"y":1012.7100219726563,"z":-0.15999984741210938},"rotation":{"x":-0.18793247640132905,"y":0.2709386646747589,"z":-0.05402328446507454,"w":-0.9425338506698608},"size":10.327513694763184,"orthographic":false}