{"cameraMode":{"drawMode":0,"name":"Shaded","section":"Shading Mode"},"sceneLighting":true,"audioPlay":false,"sceneViewState":{"showFog":true,"showMaterialUpdate":true,"showSkybox":true,"showFlares":true,"showImageEffects":true,"showParticleSystems":true},"in2DMode":false,"pivot":{"x":1550.1807861328125,"y":-352.61065673828127,"z":1982.56982421875},"rotation":{"x":-0.2686868906021118,"y":-0.2153054177761078,"z":0.061751481145620349,"w":-0.9368221759796143},"size":1306.485107421875,"orthographic":false}