{"cameraMode":{"drawMode":0,"name":"Shaded","section":"Shading Mode"},"sceneLighting":true,"audioPlay":false,"sceneViewState":{"showFog":true,"showMaterialUpdate":true,"showSkybox":true,"showFlares":true,"showImageEffects":true,"showParticleSystems":true},"in2DMode":false,"pivot":{"x":587.8899536132813,"y":1014.03076171875,"z":12.36865234375},"rotation":{"x":-0.24815939366817475,"y":0.015412645414471627,"z":-0.003949806094169617,"w":-0.9685974717140198},"size":20.853818893432618,"orthographic":false}