{"cameraMode":{"drawMode":0,"name":"Shaded","section":"Shading Mode"},"sceneLighting":true,"audioPlay":false,"sceneViewState":{"showFog":true,"showMaterialUpdate":true,"showSkybox":true,"showFlares":true,"showImageEffects":true,"showParticleSystems":true},"in2DMode":false,"pivot":{"x":594.6908569335938,"y":1017.5104370117188,"z":0.8909059762954712},"rotation":{"x":-0.5597225427627564,"y":-0.08097706735134125,"z":0.05507873371243477,"w":-0.8228850960731506},"size":8.66025447845459,"orthographic":false}